Compliance, Name,Is a dependency?,URL,Licence,Details,Version,Assessment,Assessment reason,Assessment rule,Automatic assessment,Manual assessment review,ScanCode references,Assessed licence,Assessed licence source
True,dario.cat/mergo,True,https://github.com/imdario/mergo/blob/v1.0.0/LICENSE,BSD-3-Clause,Automatic licence assessment meets the configured policy.,v1.0.0,ALLOW,"A permissive dependency generally permits redistribution; retain its notices and conditions.",permissive-dependency,ALLOW,"","",BSD-3-Clause,discovered metadata
True,github.com/asaskevich/govalidator,True,https://github.com/asaskevich/govalidator/blob/475eaeb16496/LICENSE,MIT,Automatic licence assessment meets the configured policy.,v0.0.0-20200108200545-475eaeb16496,ALLOW,"A permissive dependency generally permits redistribution; retain its notices and conditions.",permissive-dependency,ALLOW,"","",MIT,discovered metadata
True,github.com/avast/retry-go/v4,True,https://github.com/avast/retry-go/blob/v4.7.0/LICENSE,MIT,Automatic licence assessment meets the configured policy.,v4.7.0,ALLOW,"A permissive dependency generally permits redistribution; retain its notices and conditions.",permissive-dependency,ALLOW,"","",MIT,discovered metadata
True,github.com/bmatcuk/doublestar/v3,True,https://github.com/bmatcuk/doublestar/blob/v3.0.0/LICENSE,MIT,Automatic licence assessment meets the configured policy.,v3.0.0,ALLOW,"A permissive dependency generally permits redistribution; retain its notices and conditions.",permissive-dependency,ALLOW,"","",MIT,discovered metadata
True,github.com/bombsimon/logrusr/v4,True,https://github.com/bombsimon/logrusr/blob/v4.2.0/LICENSE,MIT,Automatic licence assessment meets the configured policy.,v4.2.0,ALLOW,"A permissive dependency generally permits redistribution; retain its notices and conditions.",permissive-dependency,ALLOW,"","",MIT,discovered metadata
True,github.com/cloudflare/circl,True,https://github.com/cloudflare/circl/blob/v1.6.3/LICENSE,BSD-3-Clause,Automatic licence assessment meets the configured policy.,v1.6.3,ALLOW,"A permissive dependency generally permits redistribution; retain its notices and conditions.",permissive-dependency,ALLOW,"","",BSD-3-Clause,discovered metadata
True,github.com/cyphar/filepath-securejoin,True,unknown,Unknown,Automatic licence assessment does not meet the configured policy; accepted after manual review: BSD-3-Clause AND MPL-2.0.,v0.6.1,MANUALLY_REVIEWED,"Assessed using manually verified BSD-3-Clause AND MPL-2.0 because the discovered licence was unknown. All AND obligations apply: BSD-3-Clause: A permissive dependency generally permits redistribution; retain its notices and conditions.; MPL-2.0: Weak copyleft obligations depend on modification, linking and how the work is distributed.",expression-and,REVIEW,"Reviewed the MPL-2.0 obligations for this unmodified dependency and will retain the required notices.","",BSD-3-Clause AND MPL-2.0,manual licence review
True,github.com/deckarep/golang-set/v2,True,https://github.com/deckarep/golang-set/blob/v2.9.0/LICENSE,MIT,Automatic licence assessment meets the configured policy.,v2.9.0,ALLOW,"A permissive dependency generally permits redistribution; retain its notices and conditions.",permissive-dependency,ALLOW,"","",MIT,discovered metadata
True,github.com/DeRuina/timberjack,True,https://github.com/DeRuina/timberjack/blob/v1.4.8/LICENSE,MIT,Automatic licence assessment meets the configured policy.,v1.4.8,ALLOW,"A permissive dependency generally permits redistribution; retain its notices and conditions.",permissive-dependency,ALLOW,"","",MIT,discovered metadata
True,github.com/djherbis/times,True,https://github.com/djherbis/times/blob/v1.6.0/LICENSE,MIT,Automatic licence assessment meets the configured policy.,v1.6.0,ALLOW,"A permissive dependency generally permits redistribution; retain its notices and conditions.",permissive-dependency,ALLOW,"","",MIT,discovered metadata
True,github.com/dolmen-go/contextio,True,https://github.com/dolmen-go/contextio/blob/v1.0.0/LICENSE,Apache-2.0,Automatic licence assessment meets the configured policy.,v1.0.0,ALLOW,"A permissive dependency generally permits redistribution; retain its notices and conditions.",permissive-dependency,ALLOW,"","",Apache-2.0,discovered metadata
True,github.com/emirpasic/gods,True,unknown,Unknown,Automatic licence assessment does not meet the configured policy; accepted after manual review: BSD-2-Clause AND ISC.,v1.18.1,ALLOW,"Assessed using manually verified BSD-2-Clause AND ISC because the discovered licence was unknown. All AND obligations apply: BSD-2-Clause: A permissive dependency generally permits redistribution; retain its notices and conditions.; ISC: A permissive dependency generally permits redistribution; retain its notices and conditions.",expression-and,ALLOW,"","",BSD-2-Clause AND ISC,manual licence review
True,github.com/evanphx/hclogr,True,https://github.com/evanphx/hclogr/blob/v0.2.0/LICENSE,MIT,Automatic licence assessment meets the configured policy.,v0.2.0,ALLOW,"A permissive dependency generally permits redistribution; retain its notices and conditions.",permissive-dependency,ALLOW,"","",MIT,discovered metadata
True,github.com/fatih/color,True,https://github.com/fatih/color/blob/v1.16.0/LICENSE.md,MIT,Automatic licence assessment meets the configured policy.,v1.16.0,ALLOW,"A permissive dependency generally permits redistribution; retain its notices and conditions.",permissive-dependency,ALLOW,"","",MIT,discovered metadata
True,github.com/fsnotify/fsnotify,True,https://github.com/fsnotify/fsnotify/blob/v1.9.0/LICENSE,BSD-3-Clause,Automatic licence assessment meets the configured policy.,v1.9.0,ALLOW,"A permissive dependency generally permits redistribution; retain its notices and conditions.",permissive-dependency,ALLOW,"","",BSD-3-Clause,discovered metadata
True,github.com/git-pkgs/spdx,True,https://github.com/git-pkgs/spdx/blob/v0.3.1/LICENSE,MIT,Automatic licence assessment meets the configured policy.,v0.3.1,ALLOW,"A permissive dependency generally permits redistribution; retain its notices and conditions.",permissive-dependency,ALLOW,"","",MIT,discovered metadata
True,github.com/github/go-spdx/v2/spdxexp,True,https://github.com/github/go-spdx/blob/v2.7.0/LICENSE,MIT,Automatic licence assessment meets the configured policy.,v2.7.0,ALLOW,"A permissive dependency generally permits redistribution; retain its notices and conditions.",permissive-dependency,ALLOW,"","",MIT,discovered metadata
True,github.com/go-faker/faker/v4,True,https://github.com/go-faker/faker/blob/v4.9.0/LICENSE,MIT,Automatic licence assessment meets the configured policy.,v4.9.0,ALLOW,"A permissive dependency generally permits redistribution; retain its notices and conditions.",permissive-dependency,ALLOW,"","",MIT,discovered metadata
True,github.com/go-git/gcfg,True,https://github.com/go-git/gcfg/blob/3a3c6141e376/LICENSE,BSD-3-Clause,Automatic licence assessment meets the configured policy.,v1.5.1-0.20230307220236-3a3c6141e376,ALLOW,"A permissive dependency generally permits redistribution; retain its notices and conditions.",permissive-dependency,ALLOW,"","",BSD-3-Clause,discovered metadata
True,github.com/go-git/go-billy/v5,True,https://github.com/go-git/go-billy/blob/v5.9.0/LICENSE,Apache-2.0,Automatic licence assessment meets the configured policy.,v5.9.0,ALLOW,"A permissive dependency generally permits redistribution; retain its notices and conditions.",permissive-dependency,ALLOW,"","",Apache-2.0,discovered metadata
True,github.com/go-git/go-git/v5,True,https://github.com/go-git/go-git/blob/v5.19.1/LICENSE,Apache-2.0,Automatic licence assessment meets the configured policy.,v5.19.1,ALLOW,"A permissive dependency generally permits redistribution; retain its notices and conditions.",permissive-dependency,ALLOW,"","",Apache-2.0,discovered metadata
True,github.com/go-http-utils/headers,True,https://github.com/go-http-utils/headers/blob/fed159eddc2a/LICENSE,MIT,Automatic licence assessment meets the configured policy.,v0.0.0-20181008091004-fed159eddc2a,ALLOW,"A permissive dependency generally permits redistribution; retain its notices and conditions.",permissive-dependency,ALLOW,"","",MIT,discovered metadata
True,github.com/go-logr/logr,True,https://github.com/go-logr/logr/blob/v1.4.4/LICENSE,Apache-2.0,Automatic licence assessment meets the configured policy.,v1.4.4,ALLOW,"A permissive dependency generally permits redistribution; retain its notices and conditions.",permissive-dependency,ALLOW,"","",Apache-2.0,discovered metadata
True,github.com/go-logr/stdr,True,https://github.com/go-logr/stdr/blob/v1.2.2/LICENSE,Apache-2.0,Automatic licence assessment meets the configured policy.,v1.2.2,ALLOW,"A permissive dependency generally permits redistribution; retain its notices and conditions.",permissive-dependency,ALLOW,"","",Apache-2.0,discovered metadata
True,github.com/go-logr/zapr,True,https://github.com/go-logr/zapr/blob/v1.3.0/LICENSE,Apache-2.0,Automatic licence assessment meets the configured policy.,v1.3.0,ALLOW,"A permissive dependency generally permits redistribution; retain its notices and conditions.",permissive-dependency,ALLOW,"","",Apache-2.0,discovered metadata
True,github.com/go-ozzo/ozzo-validation/v4,True,https://github.com/go-ozzo/ozzo-validation/blob/v4.3.0/LICENSE,MIT,Automatic licence assessment meets the configured policy.,v4.3.0,ALLOW,"A permissive dependency generally permits redistribution; retain its notices and conditions.",permissive-dependency,ALLOW,"","",MIT,discovered metadata
True,github.com/go-viper/mapstructure/v2,True,https://github.com/go-viper/mapstructure/blob/v2.5.0/LICENSE,MIT,Automatic licence assessment meets the configured policy.,v2.5.0,ALLOW,"A permissive dependency generally permits redistribution; retain its notices and conditions.",permissive-dependency,ALLOW,"","",MIT,discovered metadata
True,github.com/godbus/dbus/v5,True,https://github.com/godbus/dbus/blob/v5.2.2/LICENSE,BSD-2-Clause,Automatic licence assessment meets the configured policy.,v5.2.2,ALLOW,"A permissive dependency generally permits redistribution; retain its notices and conditions.",permissive-dependency,ALLOW,"","",BSD-2-Clause,discovered metadata
True,github.com/gofrs/uuid/v5,True,https://github.com/gofrs/uuid/blob/v5.5.1/LICENSE,MIT,Automatic licence assessment meets the configured policy.,v5.5.1,ALLOW,"A permissive dependency generally permits redistribution; retain its notices and conditions.",permissive-dependency,ALLOW,"","",MIT,discovered metadata
True,github.com/gogs/chardet,True,https://github.com/gogs/chardet/blob/b7413eaefb8f/LICENSE,MIT,Automatic licence assessment meets the configured policy.,v0.0.0-20211120154057-b7413eaefb8f,ALLOW,"A permissive dependency generally permits redistribution; retain its notices and conditions.",permissive-dependency,ALLOW,"","",MIT,discovered metadata
True,github.com/golang/groupcache/lru,True,https://github.com/golang/groupcache/blob/2c02b8208cf8/LICENSE,Apache-2.0,Automatic licence assessment meets the configured policy.,v0.0.0-20241129210726-2c02b8208cf8,ALLOW,"A permissive dependency generally permits redistribution; retain its notices and conditions.",permissive-dependency,ALLOW,"","",Apache-2.0,discovered metadata
True,github.com/hashicorp/errwrap,True,https://github.com/hashicorp/errwrap/blob/v1.0.0/LICENSE,MPL-2.0,Automatic licence assessment meets the configured policy.,v1.0.0,MANUALLY_REVIEWED,"Weak copyleft obligations depend on modification, linking and how the work is distributed.",weak-copyleft-dependency,REVIEW,"Used indirectly through go-multierror in utils/commonerrors for error wrapping helpers. This is acceptable provided the dependency remains unmodified in distribution artifacts, MPL-2.0 notices and licence text are retained, and any future modifications to MPL-covered files are made available under MPL-2.0.","",MPL-2.0,discovered metadata
True,github.com/hashicorp/go-cleanhttp,True,https://github.com/hashicorp/go-cleanhttp/blob/v0.5.2/LICENSE,MPL-2.0,Automatic licence assessment meets the configured policy.,v0.5.2,MANUALLY_REVIEWED,"Weak copyleft obligations depend on modification, linking and how the work is distributed.",weak-copyleft-dependency,REVIEW,"Used directly in utils/http to create isolated pooled HTTP clients and transports. This is acceptable provided the dependency remains unmodified in distribution artifacts, MPL-2.0 notices and licence text are retained, and any future modifications to MPL-covered files are made available under MPL-2.0.","",MPL-2.0,discovered metadata
True,github.com/hashicorp/go-hclog,True,https://github.com/hashicorp/go-hclog/blob/v1.6.3/LICENSE,MIT,Automatic licence assessment meets the configured policy.,v1.6.3,ALLOW,"A permissive dependency generally permits redistribution; retain its notices and conditions.",permissive-dependency,ALLOW,"","",MIT,discovered metadata
True,github.com/hashicorp/go-multierror,True,https://github.com/hashicorp/go-multierror/blob/v1.1.1/LICENSE,MPL-2.0,Automatic licence assessment meets the configured policy.,v1.1.1,MANUALLY_REVIEWED,"Weak copyleft obligations depend on modification, linking and how the work is distributed.",weak-copyleft-dependency,REVIEW,"Used directly in utils/commonerrors to aggregate multiple errors. This is acceptable provided the dependency remains unmodified in distribution artifacts, MPL-2.0 notices and licence text are retained, and any future modifications to MPL-covered files are made available under MPL-2.0.","",MPL-2.0,discovered metadata
True,github.com/hashicorp/go-retryablehttp,True,https://github.com/hashicorp/go-retryablehttp/blob/v0.7.8/LICENSE,MPL-2.0,Automatic licence assessment meets the configured policy.,v0.7.8,MANUALLY_REVIEWED,"Weak copyleft obligations depend on modification, linking and how the work is distributed.",weak-copyleft-dependency,REVIEW,"Used directly in utils/http to implement retryable HTTP client behavior and request handling. This is acceptable provided the dependency remains unmodified in distribution artifacts, MPL-2.0 notices and licence text are retained, and any future modifications to MPL-covered files are made available under MPL-2.0.","",MPL-2.0,discovered metadata
True,github.com/jbenet/go-context/io,True,https://github.com/jbenet/go-context/blob/d14ea06fba99/LICENSE,MIT,Automatic licence assessment meets the configured policy.,v0.0.0-20150711004518-d14ea06fba99,ALLOW,"A permissive dependency generally permits redistribution; retain its notices and conditions.",permissive-dependency,ALLOW,"","",MIT,discovered metadata
True,github.com/joho/godotenv,True,https://github.com/joho/godotenv/blob/v1.5.1/LICENCE,MIT,Automatic licence assessment meets the configured policy.,v1.5.1,ALLOW,"A permissive dependency generally permits redistribution; retain its notices and conditions.",permissive-dependency,ALLOW,"","",MIT,discovered metadata
True,github.com/josharian/intern,True,https://github.com/josharian/intern/blob/v1.0.0/license.md,MIT,Automatic licence assessment meets the configured policy.,v1.0.0,ALLOW,"A permissive dependency generally permits redistribution; retain its notices and conditions.",permissive-dependency,ALLOW,"","",MIT,discovered metadata
True,github.com/kevinburke/ssh_config,True,https://github.com/kevinburke/ssh_config/blob/v1.2.0/LICENSE,MIT,Automatic licence assessment meets the configured policy.,v1.2.0,ALLOW,"A permissive dependency generally permits redistribution; retain its notices and conditions.",permissive-dependency,ALLOW,"","",MIT,discovered metadata
True,github.com/klauspost/compress,True,unknown,Unknown,Automatic licence assessment does not meet the configured policy; accepted after manual review: BSD-3-Clause AND Apache-2.0 AND MIT.,v1.18.7,ALLOW,"Assessed using manually verified Apache-2.0 AND BSD-3-Clause AND MIT because the discovered licence was unknown. All AND obligations apply: Apache-2.0: A permissive dependency generally permits redistribution; retain its notices and conditions.; BSD-3-Clause: A permissive dependency generally permits redistribution; retain its notices and conditions.; MIT: A permissive dependency generally permits redistribution; retain its notices and conditions.",expression-and,ALLOW,"","",Apache-2.0 AND BSD-3-Clause AND MIT,manual licence review
True,github.com/klauspost/compress/internal/snapref,True,https://github.com/klauspost/compress/blob/v1.18.7/internal/snapref/LICENSE,BSD-3-Clause,Automatic licence assessment meets the configured policy.,v1.18.7,ALLOW,"A permissive dependency generally permits redistribution; retain its notices and conditions.",permissive-dependency,ALLOW,"","",BSD-3-Clause,discovered metadata
True,github.com/klauspost/compress/zstd/internal/xxhash,True,https://github.com/klauspost/compress/blob/v1.18.7/zstd/internal/xxhash/LICENSE.txt,MIT,Automatic licence assessment meets the configured policy.,v1.18.7,ALLOW,"A permissive dependency generally permits redistribution; retain its notices and conditions.",permissive-dependency,ALLOW,"","",MIT,discovered metadata
True,github.com/klauspost/cpuid/v2,True,https://github.com/klauspost/cpuid/blob/v2.3.0/LICENSE,MIT,Automatic licence assessment meets the configured policy.,v2.3.0,ALLOW,"A permissive dependency generally permits redistribution; retain its notices and conditions.",permissive-dependency,ALLOW,"","",MIT,discovered metadata
True,github.com/mailru/easyjson,True,https://github.com/mailru/easyjson/blob/v0.9.2/LICENSE,MIT,Automatic licence assessment meets the configured policy.,v0.9.2,ALLOW,"A permissive dependency generally permits redistribution; retain its notices and conditions.",permissive-dependency,ALLOW,"","",MIT,discovered metadata
True,github.com/mattn/go-colorable,True,https://github.com/mattn/go-colorable/blob/v0.1.14/LICENSE,MIT,Automatic licence assessment meets the configured policy.,v0.1.14,ALLOW,"A permissive dependency generally permits redistribution; retain its notices and conditions.",permissive-dependency,ALLOW,"","",MIT,discovered metadata
True,github.com/mattn/go-isatty,True,https://github.com/mattn/go-isatty/blob/v0.0.20/LICENSE,MIT,Automatic licence assessment meets the configured policy.,v0.0.20,ALLOW,"A permissive dependency generally permits redistribution; retain its notices and conditions.",permissive-dependency,ALLOW,"","",MIT,discovered metadata
True,github.com/mitchellh/go-homedir,True,https://github.com/mitchellh/go-homedir/blob/v1.1.0/LICENSE,MIT,Automatic licence assessment meets the configured policy.,v1.1.0,ALLOW,"A permissive dependency generally permits redistribution; retain its notices and conditions.",permissive-dependency,ALLOW,"","",MIT,discovered metadata
True,github.com/OneOfOne/xxhash,True,https://github.com/OneOfOne/xxhash/blob/v1.2.8/LICENSE,Apache-2.0,Automatic licence assessment meets the configured policy.,v1.2.8,ALLOW,"A permissive dependency generally permits redistribution; retain its notices and conditions.",permissive-dependency,ALLOW,"","",Apache-2.0,discovered metadata
True,github.com/pelletier/go-toml/v2,True,https://github.com/pelletier/go-toml/blob/v2.2.4/LICENSE,MIT,Automatic licence assessment meets the configured policy.,v2.2.4,ALLOW,"A permissive dependency generally permits redistribution; retain its notices and conditions.",permissive-dependency,ALLOW,"","",MIT,discovered metadata
True,github.com/perimeterx/marshmallow,True,https://github.com/perimeterx/marshmallow/blob/v1.1.5/LICENSE,MIT,Automatic licence assessment meets the configured policy.,v1.1.5,ALLOW,"A permissive dependency generally permits redistribution; retain its notices and conditions.",permissive-dependency,ALLOW,"","",MIT,discovered metadata
True,github.com/petermattis/goid,True,https://github.com/petermattis/goid/blob/a731cc31b4fe/LICENSE,Apache-2.0,Automatic licence assessment meets the configured policy.,v0.0.0-20250813065127-a731cc31b4fe,ALLOW,"A permissive dependency generally permits redistribution; retain its notices and conditions.",permissive-dependency,ALLOW,"","",Apache-2.0,discovered metadata
True,github.com/pjbgf/sha1cd,True,https://github.com/pjbgf/sha1cd/blob/v0.6.0/LICENSE,Apache-2.0,Automatic licence assessment meets the configured policy.,v0.6.0,ALLOW,"A permissive dependency generally permits redistribution; retain its notices and conditions.",permissive-dependency,ALLOW,"","",Apache-2.0,discovered metadata
True,github.com/pquerna/ffjson,True,https://github.com/pquerna/ffjson/blob/aa0246cd15f7/LICENSE,Apache-2.0,Automatic licence assessment meets the configured policy.,v0.0.0-20190930134022-aa0246cd15f7,ALLOW,"A permissive dependency generally permits redistribution; retain its notices and conditions.",permissive-dependency,ALLOW,"","",Apache-2.0,discovered metadata
True,github.com/ProtonMail/go-crypto,True,https://github.com/ProtonMail/go-crypto/blob/v1.1.6/LICENSE,BSD-3-Clause,Automatic licence assessment meets the configured policy.,v1.1.6,ALLOW,"A permissive dependency generally permits redistribution; retain its notices and conditions.",permissive-dependency,ALLOW,"","",BSD-3-Clause,discovered metadata
True,github.com/rifflock/lfshook,True,https://github.com/rifflock/lfshook/blob/b9218ef580f5/LICENSE,MIT,Automatic licence assessment meets the configured policy.,v0.0.0-20180920164130-b9218ef580f5,ALLOW,"A permissive dependency generally permits redistribution; retain its notices and conditions.",permissive-dependency,ALLOW,"","",MIT,discovered metadata
True,github.com/rs/zerolog,True,https://github.com/rs/zerolog/blob/v1.35.1/LICENSE,MIT,Automatic licence assessment meets the configured policy.,v1.35.1,ALLOW,"A permissive dependency generally permits redistribution; retain its notices and conditions.",permissive-dependency,ALLOW,"","",MIT,discovered metadata
True,github.com/sagikazarmark/locafero,True,https://github.com/sagikazarmark/locafero/blob/v0.11.0/LICENSE,MIT,Automatic licence assessment meets the configured policy.,v0.11.0,ALLOW,"A permissive dependency generally permits redistribution; retain its notices and conditions.",permissive-dependency,ALLOW,"","",MIT,discovered metadata
True,github.com/santhosh-tekuri/jsonschema/v6,True,https://github.com/santhosh-tekuri/jsonschema/blob/v6.0.3/LICENSE,Apache-2.0,Automatic licence assessment meets the configured policy.,v6.0.3,ALLOW,"A permissive dependency generally permits redistribution; retain its notices and conditions.",permissive-dependency,ALLOW,"","",Apache-2.0,discovered metadata
True,github.com/sasha-s/go-deadlock,True,https://github.com/sasha-s/go-deadlock/blob/v0.3.9/LICENSE,Apache-2.0,Automatic licence assessment meets the configured policy.,v0.3.9,ALLOW,"A permissive dependency generally permits redistribution; retain its notices and conditions.",permissive-dependency,ALLOW,"","",Apache-2.0,discovered metadata
True,github.com/sergi/go-diff/diffmatchpatch,True,https://github.com/sergi/go-diff/blob/5b0b94c5c0d3/LICENSE,MIT,Automatic licence assessment meets the configured policy.,v1.3.2-0.20230802210424-5b0b94c5c0d3,ALLOW,"A permissive dependency generally permits redistribution; retain its notices and conditions.",permissive-dependency,ALLOW,"","",MIT,discovered metadata
True,github.com/shirou/gopsutil/v4,True,https://github.com/shirou/gopsutil/blob/v4.26.8/LICENSE,BSD-3-Clause,Automatic licence assessment meets the configured policy.,v4.26.8,ALLOW,"A permissive dependency generally permits redistribution; retain its notices and conditions.",permissive-dependency,ALLOW,"","",BSD-3-Clause,discovered metadata
True,github.com/sirupsen/logrus,True,https://github.com/sirupsen/logrus/blob/v1.10.2/LICENSE,MIT,Automatic licence assessment meets the configured policy.,v1.10.2,ALLOW,"A permissive dependency generally permits redistribution; retain its notices and conditions.",permissive-dependency,ALLOW,"","",MIT,discovered metadata
True,github.com/skeema/knownhosts,True,https://github.com/skeema/knownhosts/blob/v1.3.1/LICENSE,Apache-2.0,Automatic licence assessment meets the configured policy.,v1.3.1,ALLOW,"A permissive dependency generally permits redistribution; retain its notices and conditions.",permissive-dependency,ALLOW,"","",Apache-2.0,discovered metadata
True,github.com/sourcegraph/conc,True,https://github.com/sourcegraph/conc/blob/5f936abd7ae8/LICENSE,MIT,Automatic licence assessment meets the configured policy.,v0.3.1-0.20240121214520-5f936abd7ae8,ALLOW,"A permissive dependency generally permits redistribution; retain its notices and conditions.",permissive-dependency,ALLOW,"","",MIT,discovered metadata
True,github.com/spaolacci/murmur3,True,https://github.com/spaolacci/murmur3/blob/v1.1.0/LICENSE,BSD-3-Clause,Automatic licence assessment meets the configured policy.,v1.1.0,ALLOW,"A permissive dependency generally permits redistribution; retain its notices and conditions.",permissive-dependency,ALLOW,"","",BSD-3-Clause,discovered metadata
True,github.com/spf13/afero,True,https://github.com/spf13/afero/blob/v1.15.0/LICENSE.txt,Apache-2.0,Automatic licence assessment meets the configured policy.,v1.15.0,ALLOW,"A permissive dependency generally permits redistribution; retain its notices and conditions.",permissive-dependency,ALLOW,"","",Apache-2.0,discovered metadata
True,github.com/spf13/cast,True,https://github.com/spf13/cast/blob/v1.10.0/LICENSE,MIT,Automatic licence assessment meets the configured policy.,v1.10.0,ALLOW,"A permissive dependency generally permits redistribution; retain its notices and conditions.",permissive-dependency,ALLOW,"","",MIT,discovered metadata
True,github.com/spf13/pflag,True,https://github.com/spf13/pflag/blob/v1.0.10/LICENSE,BSD-3-Clause,Automatic licence assessment meets the configured policy.,v1.0.10,ALLOW,"A permissive dependency generally permits redistribution; retain its notices and conditions.",permissive-dependency,ALLOW,"","",BSD-3-Clause,discovered metadata
True,github.com/spf13/viper,True,https://github.com/spf13/viper/blob/v1.21.0/LICENSE,MIT,Automatic licence assessment meets the configured policy.,v1.21.0,ALLOW,"A permissive dependency generally permits redistribution; retain its notices and conditions.",permissive-dependency,ALLOW,"","",MIT,discovered metadata
True,github.com/stretchr/testify,True,https://github.com/stretchr/testify/blob/v1.12.1/LICENSE,MIT,Automatic licence assessment meets the configured policy.,v1.12.1,ALLOW,"A permissive dependency generally permits redistribution; retain its notices and conditions.",permissive-dependency,ALLOW,"","",MIT,discovered metadata
True,github.com/stretchr/testify/internal/difflib,True,https://github.com/stretchr/testify/blob/v1.12.1/internal/difflib/LICENSE,BSD-3-Clause,Automatic licence assessment meets the configured policy.,v1.12.1,ALLOW,"A permissive dependency generally permits redistribution; retain its notices and conditions.",permissive-dependency,ALLOW,"","",BSD-3-Clause,discovered metadata
True,github.com/stretchr/testify/internal/spew,True,https://github.com/stretchr/testify/blob/v1.12.1/internal/spew/LICENSE,ISC,Automatic licence assessment does not meet the configured policy; accepted after manual review: ISC accepted for this project as a transitive test dependency..,v1.12.1,ALLOW,"A permissive dependency generally permits redistribution; retain its notices and conditions.",permissive-dependency,ALLOW,"","",ISC,discovered metadata
True,github.com/sttk/stringcase,True,https://github.com/sttk/stringcase/blob/v1.0.0/LICENSE,MIT,Automatic licence assessment meets the configured policy.,v1.0.0,ALLOW,"A permissive dependency generally permits redistribution; retain its notices and conditions.",permissive-dependency,ALLOW,"","",MIT,discovered metadata
True,github.com/subosito/gotenv,True,https://github.com/subosito/gotenv/blob/v1.6.0/LICENSE,MIT,Automatic licence assessment meets the configured policy.,v1.6.0,ALLOW,"A permissive dependency generally permits redistribution; retain its notices and conditions.",permissive-dependency,ALLOW,"","",MIT,discovered metadata
True,github.com/tklauser/go-sysconf,True,https://github.com/tklauser/go-sysconf/blob/v0.3.16/LICENSE,BSD-3-Clause,Automatic licence assessment meets the configured policy.,v0.3.16,ALLOW,"A permissive dependency generally permits redistribution; retain its notices and conditions.",permissive-dependency,ALLOW,"","",BSD-3-Clause,discovered metadata
True,github.com/tklauser/numcpus,True,https://github.com/tklauser/numcpus/blob/v0.11.0/LICENSE,Apache-2.0,Automatic licence assessment meets the configured policy.,v0.11.0,ALLOW,"A permissive dependency generally permits redistribution; retain its notices and conditions.",permissive-dependency,ALLOW,"","",Apache-2.0,discovered metadata
True,github.com/xanzy/ssh-agent,True,https://github.com/xanzy/ssh-agent/blob/v0.3.3/LICENSE,Apache-2.0,Automatic licence assessment meets the configured policy.,v0.3.3,ALLOW,"A permissive dependency generally permits redistribution; retain its notices and conditions.",permissive-dependency,ALLOW,"","",Apache-2.0,discovered metadata
True,github.com/zalando/go-keyring,True,https://github.com/zalando/go-keyring/blob/v0.2.8/LICENSE,MIT,Automatic licence assessment meets the configured policy.,v0.2.8,ALLOW,"A permissive dependency generally permits redistribution; retain its notices and conditions.",permissive-dependency,ALLOW,"","",MIT,discovered metadata
True,go.mongodb.org/mongo-driver,True,https://github.com/mongodb/mongo-go-driver/blob/v1.17.7/LICENSE,Apache-2.0,Automatic licence assessment meets the configured policy.,v1.17.7,ALLOW,"A permissive dependency generally permits redistribution; retain its notices and conditions.",permissive-dependency,ALLOW,"","",Apache-2.0,discovered metadata
True,go.uber.org/atomic,True,https://github.com/uber-go/atomic/blob/v1.12.0/LICENSE.txt,MIT,Automatic licence assessment meets the configured policy.,v1.12.0,ALLOW,"A permissive dependency generally permits redistribution; retain its notices and conditions.",permissive-dependency,ALLOW,"","",MIT,discovered metadata
True,go.uber.org/mock/gomock,True,https://github.com/uber/mock/blob/v0.6.0/LICENSE,Apache-2.0,Automatic licence assessment meets the configured policy.,v0.6.0,ALLOW,"A permissive dependency generally permits redistribution; retain its notices and conditions.",permissive-dependency,ALLOW,"","",Apache-2.0,discovered metadata
True,go.uber.org/multierr,True,https://github.com/uber-go/multierr/blob/v1.10.0/LICENSE.txt,MIT,Automatic licence assessment meets the configured policy.,v1.10.0,ALLOW,"A permissive dependency generally permits redistribution; retain its notices and conditions.",permissive-dependency,ALLOW,"","",MIT,discovered metadata
True,go.uber.org/zap,True,https://github.com/uber-go/zap/blob/v1.28.0/LICENSE,MIT,Automatic licence assessment meets the configured policy.,v1.28.0,ALLOW,"A permissive dependency generally permits redistribution; retain its notices and conditions.",permissive-dependency,ALLOW,"","",MIT,discovered metadata
True,go.yaml.in/yaml/v2,True,https://github.com/yaml/go-yaml/blob/v2.4.2/LICENSE,Apache-2.0,Automatic licence assessment meets the configured policy.,v2.4.2,ALLOW,"A permissive dependency generally permits redistribution; retain its notices and conditions.",permissive-dependency,ALLOW,"","",Apache-2.0,discovered metadata
True,go.yaml.in/yaml/v3,True,https://github.com/yaml/go-yaml/blob/v3.0.5/LICENSE,MIT,Automatic licence assessment meets the configured policy.,v3.0.5,ALLOW,"A permissive dependency generally permits redistribution; retain its notices and conditions.",permissive-dependency,ALLOW,"","",MIT,discovered metadata
True,Golang Utilities,False,unknown,Apache-2.0,Automatic licence assessment meets the configured policy.,unknown,,"",,,"","",,
True,golang.org/x/crypto,True,https://cs.opensource.google/go/x/crypto/+/v0.55.0:LICENSE,BSD-3-Clause,Automatic licence assessment meets the configured policy.,v0.55.0,ALLOW,"A permissive dependency generally permits redistribution; retain its notices and conditions.",permissive-dependency,ALLOW,"","",BSD-3-Clause,discovered metadata
True,golang.org/x/exp/maps,True,https://cs.opensource.google/go/x/exp/+/746e56fc:LICENSE,BSD-3-Clause,Automatic licence assessment meets the configured policy.,v0.0.0-20260410095643-746e56fc9e2f,ALLOW,"A permissive dependency generally permits redistribution; retain its notices and conditions.",permissive-dependency,ALLOW,"","",BSD-3-Clause,discovered metadata
True,golang.org/x/mod/semver,True,https://cs.opensource.google/go/x/mod/+/v0.38.0:LICENSE,BSD-3-Clause,Automatic licence assessment meets the configured policy.,v0.38.0,ALLOW,"A permissive dependency generally permits redistribution; retain its notices and conditions.",permissive-dependency,ALLOW,"","",BSD-3-Clause,discovered metadata
True,golang.org/x/net,True,https://cs.opensource.google/go/x/net/+/v0.58.0:LICENSE,BSD-3-Clause,Automatic licence assessment meets the configured policy.,v0.58.0,ALLOW,"A permissive dependency generally permits redistribution; retain its notices and conditions.",permissive-dependency,ALLOW,"","",BSD-3-Clause,discovered metadata
True,golang.org/x/oauth2,True,https://cs.opensource.google/go/x/oauth2/+/v0.36.0:LICENSE,BSD-3-Clause,Automatic licence assessment meets the configured policy.,v0.36.0,ALLOW,"A permissive dependency generally permits redistribution; retain its notices and conditions.",permissive-dependency,ALLOW,"","",BSD-3-Clause,discovered metadata
True,golang.org/x/sync/errgroup,True,https://cs.opensource.google/go/x/sync/+/v0.22.0:LICENSE,BSD-3-Clause,Automatic licence assessment meets the configured policy.,v0.22.0,ALLOW,"A permissive dependency generally permits redistribution; retain its notices and conditions.",permissive-dependency,ALLOW,"","",BSD-3-Clause,discovered metadata
True,golang.org/x/sys,True,https://cs.opensource.google/go/x/sys/+/v0.47.0:LICENSE,BSD-3-Clause,Automatic licence assessment meets the configured policy.,v0.47.0,ALLOW,"A permissive dependency generally permits redistribution; retain its notices and conditions.",permissive-dependency,ALLOW,"","",BSD-3-Clause,discovered metadata
True,golang.org/x/text,True,https://cs.opensource.google/go/x/text/+/v0.41.0:LICENSE,BSD-3-Clause,Automatic licence assessment meets the configured policy.,v0.41.0,ALLOW,"A permissive dependency generally permits redistribution; retain its notices and conditions.",permissive-dependency,ALLOW,"","",BSD-3-Clause,discovered metadata
True,gopkg.in/warnings.v0,True,https://github.com/go-warnings/warnings/blob/v0.1.2/LICENSE,BSD-2-Clause,Automatic licence assessment meets the configured policy.,v0.1.2,ALLOW,"A permissive dependency generally permits redistribution; retain its notices and conditions.",permissive-dependency,ALLOW,"","",BSD-2-Clause,discovered metadata
True,sigs.k8s.io/yaml,True,unknown,Unknown,Automatic licence assessment does not meet the configured policy; accepted after manual review: MIT AND BSD-3-Clause.,v1.6.0,ALLOW,"Assessed using manually verified BSD-3-Clause AND MIT because the discovered licence was unknown. All AND obligations apply: BSD-3-Clause: A permissive dependency generally permits redistribution; retain its notices and conditions.; MIT: A permissive dependency generally permits redistribution; retain its notices and conditions.",expression-and,ALLOW,"","",BSD-3-Clause AND MIT,manual licence review
